10;"Nastąpi dalszy rozwój zastosowań SWD w finansach";;;;;;;;;
;"kod tezy:";;;;;;;;;
"10.1";"Udział decyzji inwestycyjnych podejmowanych przy pomocy SWD przez inwestorów w % (kraje OECD)";;;;;;;;;
;"kod pytania:";"P";;;;;;;;
;"jednostka:";"procent";;;;;;;;
;"sposób analizy:";;;;;;;;;
;"id użytkownika";"Współczynnik kompetencji";"Współczynnik samooceny";"Stan obecny";"Stan w roku 2015";"Stan w roku 2020";"Stan w roku 2025";"Dalszy rozwój do roku 2030";"Uwagi";"Stopień pewności"
"10.1";68;0,5;0,2;"n/a";10;20;50;95;"Następuje ciągły wzrost znaczenia SWD";"wyrażam tylko swój subiektywny pogląd"
"10.1";140;0,8;0,2;"n/a";10;20;25;40;;"wyrażam tylko swój subiektywny pogląd"
"10.1";248;0,4;0,2;"n/a";20;25;40;50;;"wyrażam tylko swój subiektywny pogląd"
"10.1";284;0,8;0,2;"n/a";15;25;45;70;"Spodziewany jest duży rozwój tego typu systemów ze względu na przypuszczalną znaczną intratność tego typu rozwiązań";"wyrażam tylko swój subiektywny pogląd"
"10.1";315;0,6;0,75;"n/a";20;30;50;60;"Zalezy od ogolenej systuacji na rynkach finansowych i kryzysow politycznych";"wyrażam tylko swój subiektywny pogląd"
"10.1";347;0,5;0,2;"n/a";5;15;40;70;"""Udział decyzji inwestycyjnych podejmowanych przez inwestorów przy pomocy SWD będzie wzrastał wraz ze wzrostem zaawansowania technologicznego tych systemów.""";"z dużym prawdopodobieństwem"
"10.1";353;0,5;0,2;"n/a";55;60;70;75;;"wyrażam tylko swój subiektywny pogląd"
"10.1";354;0,5;0,2;"n/a";40;55;75;45;"aktualnie istnieją mechanizmy stosowane przez duże instytucje finansowe umożliwiające przewidywanie ruchów na giełdach i wspomaganie zyskowności inwestycji, będzie następowało ich szybkie upowszechnianie aż do momentu gdy większość transakcji będzie wykonywana przy użyciu systemów tego rodzaju, wtedy nastąpi załamanie bo działanie tylko z użyciem systemów SWD stanie się nie ekonomiczne bo podobne systemy będą sugerowały podobne decyzje i inwestycje staną się niezyskowne";"wyrażam tylko swój subiektywny pogląd"
"10.1";361;0,6;0,2;"n/a";35;40;40;40;;"wyrażam tylko swój subiektywny pogląd"
"10.1";363;0,5;0,2;"n/a";5;20;30;60;;"wyrażam tylko swój subiektywny pogląd"
"10.1";364;0,6;0,2;"n/a";10;20;35;55;"oszacowanie własne na podstawie ogólnej wiedzy";"wyrażam tylko swój subiektywny pogląd"
"10.1";367;0,7;0,2;"n/a";10;10;10;10;"opinia własna";"wyrażam tylko swój subiektywny pogląd"
"10.1";398;0,1;0,2;"n/a";25;30;30;40;;"wyrażam tylko swój subiektywny pogląd"
"10.1";407;0,5;0,2;"n/a";30;40;45;50;"Profesjonalni inwestorzy już w dużym stopniu polegają na narzędziach wspomagających podejmowanie decyzji, natomiast przewiduję, że będzie rosło zainteresowanie tego typu rozwiązaniami również wśród inwestorów drobnych, co przełoży się na znaczny wzrost liczby odbiorców.";"wyrażam tylko swój subiektywny pogląd"
"10.1";413;0,5;0,2;"n/a";10;15;15;15;"Sądzę, że udział takich decyzji może się nieznacznie zwiększyć. Najważniejszym czynnikiem pozostanie czynnik ludzki.";"wyrażam tylko swój subiektywny pogląd"
"10.1";415;0,5;0,2;"n/a";50;55;80;95;"Jeśli decyzje będą podejmowane przy pomocy a nie przez SWD, to procent będzie wysoki";"wyrażam tylko swój subiektywny pogląd"
"10.1";416;0,9;0,2;"n/a";70;75;80;85;"Z tego co się orientuję istnieje już trochę systemów SWD wspierających decyzje inwestorów. Ich skuteczność jest mniejsza lub większa, jednak wydaje mi się, że bardzo często ich propozycje mogą być punktem wyjścia do decyzji podejmowanych przez doświadczonego brokera. Systemy będą się powoli, ale coraz bardziej rozprzestrzeniać na tych brokerów, którzy jeszcze nie są do nich przekonani (m.in. dzięki zwiększającej się skuteczności przewidywań takich systemów).";"wyrażam tylko swój subiektywny pogląd"
"10.1";417;0,01;0,2;"n/a";10;4;3;5;;"wyrażam tylko swój subiektywny pogląd"
"10.1";418;0,5;0,2;"n/a";15;20;25;30;"Mimo, że udział SWD w podejmowaniu decyzji będzie wzrastał moim zdaniem nic nie zastąpi człowieka i jego wyczucia.";"wyrażam tylko swój subiektywny pogląd"
"10.1";421;0,5;0,2;"n/a";45;50;60;70;"Pewna istniejąca już popularność SWD w tej dziedzinie, wskazuje na to, że wzrost ich popularności w przeciągu kolejnych lat. Wzrost ten za pewne będzie początkowo mniejszy, ale wraz z upływem lat jego dynamika wzrośnie.";"wyrażam tylko swój subiektywny pogląd"
"10.1";423;0,6;0,2;"n/a";30;40;50;60;"Wydaje mi się, że inwestorzy z chęcią sięgną po takie rozwiązanie, dlatego prognozuję rozwój takiej usługi.";"wyrażam tylko swój subiektywny pogląd"
"10.1";452;0,5;0,2;"n/a";1;2;4;10;"Dodatni trend na przestrzeni lat będzie się cały czas rozwijał z uwagi na zyski jakie generuje. Pozwala działać inwestorowi 24 godziny na dobę i śledzić wszelkie zmiany z różnych perspektyw";"wyrażam tylko swój subiektywny pogląd"
"10.1";462;0,5;0,4;"n/a";10;15;25;30;"Systemy SWD mogą zapewniać pewną przewagę na rynku przy podejmowaniu decyzji strategicznych, dlatego coraz więcej decyzji będzie podejmowane z pomocą tych systemów.";"wyrażam tylko swój subiektywny pogląd"
"10.1";465;0,5;0,2;"n/a";20;30;40;60;"Obecnie wykorzystywane są SWD przy podejmowaniu decyzji inwestycyjnych. Często SWD daje rozwiązania będące punktem wyjścia do podjęcia ostatecznych decyzji. Zakładam, że do tego sposobu podejmowania decyzji będzie się przekonywać coraz więcej inwestorów, w miarę rozwoju SWD.";"wyrażam tylko swój subiektywny pogląd"
"10.1";494;0,8;0,5;"n/a";10;10;15;25;"SWD finansach mają duże zastosowanie głównie dla przedsiębiorstw, banków i instytucji finansowych. W przypadku inwestorów detalicznych nie odgrywają one już takiego znaczenia. Ich ""zastosowanie"" w trakcie inwestowania zależy od wiedzy jaką posiada inwestor, doświadczenia na rynku finansowym, dostępności takich rozwiązań oraz ilości środków jakie chce zainwestować.";"wyrażam tylko swój subiektywny pogląd"
"10.1";506;0,7;0,2;"n/a";10;25;45;60;"Duże fundusze sektora finansowego, możliwość dużych zysków";"z dużym prawdopodobieństwem"
"10.1";512;0,5;0,2;"n/a";10;15;20;40;"Udział decyzji będzie systematycznie rosnąć w miarę jak inwestorzy będą zyskiwali zaufanie do nowych rozwiązań, a rozwiązania będą ulepszane.";"jestem raczej pewnien (pewna)"
"10.1";513;0,5;0,2;"n/a";10;20;35;50;"Początkowo udział ten będzie niewielki jednak ulepszenie tych systemów spowoduje większy udział.";"wyrażam tylko swój subiektywny pogląd"
"10.1";514;0,5;0,2;"n/a";3;5;10;40;"Początkowa niechęć związana z wprowadzaniem tego tpu rozwiązań z czasem przerodzi się w powszechne ich używanie. Dzięki większej szybkości, doskonałości i braku błędów możliwe jest podejmowanie bardziej korzystnych decyzji z punktu widzenia biznesowego";"jestem raczej pewnien (pewna)"
"10.1";520;0,5;0,2;"n/a";15;20;30;40;;"wyrażam tylko swój subiektywny pogląd"
"10.1";523;0,4;0,75;"n/a";5;10;10;15;"computerworld";"wyrażam tylko swój subiektywny pogląd"
"10.1";524;0,2;0,2;"n/a";10;10;10;10;"Opinia własna";"wyrażam tylko swój subiektywny pogląd"
"10.1";547;0,1;0,2;"n/a";10;30;50;80;"Spodziewany jest duży rozwój tego typu systemów ze względu na przypuszczalną znaczną intratność tego typu rozwiązań";"wyrażam tylko swój subiektywny pogląd"
"10.1";548;0,1;0,2;"n/a";65;70;80;95;"Liczba danych do przeanalizowania będzie stale rosła, bez wsparcia systemów SWD podjęcie decyzji będzie niemożliwe. Dodatkowo, ogromne pieniądze idące za decyzjami inwestycyjnymi zniosą blokadę jaką może być cena systemów.";"wyrażam tylko swój subiektywny pogląd"
"10.1";549;0,1;0,75;"n/a";1;2;4;5;"Dodatni trend będzie stały ze względu na zyski generowane przez zastosowanie SWD. Ciągły monitoring, pozwoli zastąpić inwestora, zmniejszy prowizje i inne opłaty związane z inwestycjami.";"wyrażam tylko swój subiektywny pogląd"
"10.1";550;0,1;0,2;"n/a";10;20;50;95;"Następuje ciągły wzrost znaczenia SWD.";"z dużym prawdopodobieństwem"
"10.1";551;0,1;0,2;"n/a";10;30;40;50;"Ograniczone zaufanie";"wyrażam tylko swój subiektywny pogląd"
"10.1";552;0,1;0,2;"n/a";1;2;5;5;"Systemy informatyczne będą w stanie przeliczyć większe ilości danych, dzięki czemu analiza będzie pewniejsza.";"wyrażam tylko swój subiektywny pogląd"
"10.1";554;0,1;0,2;"n/a";1;5;10;10;"Dodatni trend na przestrzeni lat będzie się caly czas rozwijal z uwagi na zyski jakie generuje. Pozwala dzialac inwestorowi 24 godziny na dobe i sledzic wszelkie zmiany z roznych perspektyw na roznych rynkach.";"z dużym prawdopodobieństwem"
"10.1";556;0,05;0,2;"n/a";1;2;5;10;"Inwestowanie to dość poważna sprawa i wątpię że będziemy chętnie korzystali z 'podpowiadaczy'. Nikt nie chciałby żeby z powodu błędu programu czy komputera jego pieniądze przepadły.";"wyrażam tylko swój subiektywny pogląd"
"10.1";558;0,1;0,2;"n/a";15;20;50;95;"Następuje ciągły wzrost znaczenia SWD.";"z dużym prawdopodobieństwem"
"10.1";564;0,1;0,2;"n/a";65;75;80;95;"Liczba danych do przeanalizowania będzie stale rosła, bez wsparcia systemów swd podjęcie decyzji inwestycyjnych będzie niemożliwe. Dodatkowo, ogromne pieniądze idące za decyzjami inwestycyjnymi zniosą blokadę jaką może być cena systemów.";"jestem raczej pewnien (pewna)"
"10.1";565;0,05;0,2;"n/a";5;10;15;30;"Własna analiza";"wyrażam tylko swój subiektywny pogląd"
"10.1";566;0,2;0,2;"n/a";5;10;30;40;"Rozwój technologii przyczyni się do wzrostu udziału systemu";"wyrażam tylko swój subiektywny pogląd"
"10.1";567;0,2;0,2;"n/a";20;40;70;80;"Decyzje podejmowane przez SWD raczej i tak będą co najmniej w minimalny sposób dyskutowane";"wyrażam tylko swój subiektywny pogląd"
"10.1";571;0,4;0,25;"n/a";;;;;"odpowieź na to pytanie wymaga wiedzy specjalistycznej lub wyszukiwania w literaturze specjalistycznej";"wyrażam tylko swój subiektywny pogląd"
"10.1";579;0,7;0,2;"n/a";15;20;30;40;"Własne analizy";"wyrażam tylko swój subiektywny pogląd"
"10.2";"Udział decyzji inwestycyjnych podejmowanych przy pomocy SWD przez inwestorów w % (Polska)";;;;;;;;;
;"kod pytania:";"P";;;;;;;;
;"jednostka:";"procent";;;;;;;;
;"sposób analizy:";;;;;;;;;
;"id użytkownika";"Współczynnik kompetencji";"Współczynnik samooceny";"Stan obecny";"Stan w roku 2015";"Stan w roku 2020";"Stan w roku 2025";"Dalszy rozwój do roku 2030";"Uwagi";"Stopień pewności"
"10.2";68;0,5;0,2;"n/a";3;4;20;30;"Podobnie jak na świecie";"wyrażam tylko swój subiektywny pogląd"
"10.2";140;0,8;0,2;"n/a";15;25;30;35;;"wyrażam tylko swój subiektywny pogląd"
"10.2";248;0,4;0,2;"n/a";10;15;25;30;;"wyrażam tylko swój subiektywny pogląd"
"10.2";284;0,8;0,2;"n/a";15;25;45;70;"Sytuacja w Polsce nie będzie odbiegać od sytuacji w krajach OECD";"wyrażam tylko swój subiektywny pogląd"
"10.2";315;0,6;0,75;"n/a";5;10;20;20;"Zalezy od ogolenej systuacji na rynkach finansowych i kryzysow politycznych";"wyrażam tylko swój subiektywny pogląd"
"10.2";347;0,5;0,2;"n/a";1;10;30;60;"""Tempo wzrostu udziału decyzji inwestycyjnych podejmowanych przy pomocy SWD w Polsce będzie nieco mniejsze niż w krajach OECD.""";"z dużym prawdopodobieństwem"
"10.2";353;0,5;0,2;"n/a";50;50;60;65;;"wyrażam tylko swój subiektywny pogląd"
"10.2";354;0,5;0,2;"n/a";30;40;50;50;"trend w Polsce będzie z opóźnieniem śledził zmiany światowe, z powodu charakterystyki polskiego rynku nie należy się spodziewać szybkiego załamania";"wyrażam tylko swój subiektywny pogląd"
"10.2";361;0,6;0,2;"n/a";10;30;50;65;;"wyrażam tylko swój subiektywny pogląd"
"10.2";363;0,5;0,2;"n/a";1;5;20;30;;"wyrażam tylko swój subiektywny pogląd"
"10.2";364;0,6;0,2;"n/a";3;5;15;30;"oszacowanie własne na podstawie ogólnej wiedzy";"wyrażam tylko swój subiektywny pogląd"
"10.2";367;0,7;0,2;"n/a";10;10;10;10;"opinia własna";"wyrażam tylko swój subiektywny pogląd"
"10.2";398;0,1;0,2;"n/a";25;30;30;40;;"wyrażam tylko swój subiektywny pogląd"
"10.2";407;0,5;0,2;"n/a";30;40;45;50;"Nie sądzę, by Polska odbiegała pod tym względem od tendencji ogólnych.";"wyrażam tylko swój subiektywny pogląd"
"10.2";413;0,5;0,2;"n/a";5;5;10;10;"Jak wyżej, chociaż w Polsce tego typu rozwiązania są jeszcze mniej popularne.";"wyrażam tylko swój subiektywny pogląd"
"10.2";415;0,5;0,2;"n/a";35;40;55;65;"niższy procent niż w krajach OECD";"wyrażam tylko swój subiektywny pogląd"
"10.2";416;0,9;0,2;"n/a";70;75;80;85;"Wydaje mi się, że sytuacja w Polsce odzwierciedla mniej więcej sytuację w krajach OECD.";"wyrażam tylko swój subiektywny pogląd"
"10.2";417;0,01;0,2;"n/a";20;35;30;30;;"wyrażam tylko swój subiektywny pogląd"
"10.2";418;0,5;0,2;"n/a";10;15;20;25;"Inwestorzy na rodzimym rynku wykazują i będą wykazywać się mniejszą ufnością do nowinek technicznych niż inwestorzy zagraniczni.";"wyrażam tylko swój subiektywny pogląd"
"10.2";421;0,5;0,2;"n/a";30;35;45;60;"W tym przypadku przypuszczalnie sama dynamika wzrostu będzie podobna, lecz odbędzie się na mniejszą skalę ze względu na pewne opóźnienie panujące w naszym kraju.";"wyrażam tylko swój subiektywny pogląd"
"10.2";423;0,6;0,2;"n/a";30;40;50;60;"Myślę, że Polska nie będzie odbiegać od innych krajów OECD w tej sferze.";"wyrażam tylko swój subiektywny pogląd"
"10.2";452;0,5;0,2;"n/a";1;1;2;4;"W Polsce SWD będzie liczyło się coraz bardziej. Rozwój SWD w krajach OECD będzie powodował presję na inwestorach polskich, którzy będą odczuwali starty, które przynosi brak użycia SWD. Chęć zysków będzie zmuszała do ryzyka i zaufania rozwiązaniom jakie oferuje SWD";"wyrażam tylko swój subiektywny pogląd"
"10.2";462;0,5;0,4;"n/a";5;10;15;15;"W Polsce również wykorzystanie systemów SWD w decyzjach finansowych będzie rosnąć. Będą one jednak wprowadzane później niż na świecie.";"wyrażam tylko swój subiektywny pogląd"
"10.2";465;0,5;0,2;"n/a";20;30;40;60;"Jak wyżej.";"wyrażam tylko swój subiektywny pogląd"
"10.2";494;0,8;0,5;"n/a";1;2;3;10;"W Polsce wydaje się, że znacznie mniejszy odsetek inwestorów będzie zainteresowany stosowaniem finansowych SWD. Głównym czynnikiem decydującym o ich użyciu będzie doświadczenie inwestora oraz kwota inwestycji.";"wyrażam tylko swój subiektywny pogląd"
"10.2";506;0,7;0,2;"n/a";5;20;40;50;"Analogicznie jak wyżej, z pewnym opóźnieniem";"z dużym prawdopodobieństwem"
"10.2";512;0,5;0,2;"n/a";2;4;10;20;"Naturalnie w Polsce postęp będzie znacznie wolniejszy niż w pkt. 10.1 ze względu na nieprzyjazne inwestorom prawo.";"nie jestem pewien,ale chciałbym by tak było"
"10.2";513;0,5;0,2;"n/a";10;20;35;50;"Początkowo udział ten będzie niewielki jednak ulepszenie tych systemów spowoduje większy udział.";"wyrażam tylko swój subiektywny pogląd"
"10.2";514;0,5;0,2;"n/a";1;2;5;10;"Rozwiązania te zostaną wprowadzone w Polsce z opóźnieniem z powodu braku rozbudowanej struktury jak również dużej ceny. Korzystać z nich będą na samym początku jedynie firmy z zagranicznym kapitałem, bądź też placówki zagranicznych firm.";"jestem raczej pewnien (pewna)"
"10.2";520;0,5;0,2;"n/a";10;15;20;25;;"wyrażam tylko swój subiektywny pogląd"
"10.2";523;0,4;0,75;"n/a";1;1;2;2;"computerworld";"wyrażam tylko swój subiektywny pogląd"
"10.2";524;0,2;0,2;"n/a";10;10;10;10;"Opinia własna";"wyrażam tylko swój subiektywny pogląd"
"10.2";547;0,1;0,2;"n/a";10;30;50;80;"Spodziewany jest duży rozwój tego typu systemów ze względu na przypuszczalną znaczną intratność tego typu rozwiązań";"wyrażam tylko swój subiektywny pogląd"
"10.2";548;0,1;0,2;"n/a";55;60;70;90;"W Polsce zarówno rynek inwestycji, jak i stopień wykorzystania technologii jest znacznie niższy, jednak z czasem rynki będą coraz bardzie globalne i wszędzie wystąpi konieczność stosowania SWD.";"nie jestem pewien,ale chciałbym by tak było"
"10.2";549;0,1;0,75;"n/a";0;1;2;3;"W Polsce SWD będzie liczyło się coraz bardziej jednak nie tak jak w krajach rozwiniętych OECD. Głównie ze względów historycznych. Jednak Polscy inwestorzy będą zmuszeni do użycia SWD, ponieważ wymusi to konkurencyjnośc.";"wyrażam tylko swój subiektywny pogląd"
"10.2";550;0,1;0,2;"n/a";3;4;20;30;"Następuje ciągły wzrost znaczenia SWD.";"z dużym prawdopodobieństwem"
"10.2";551;0,1;0,2;"n/a";3;20;25;40;"Stopniowe zrównanie poziomu z OECD";"wyrażam tylko swój subiektywny pogląd"
"10.2";552;0,1;0,2;"n/a";1;1;2;4;"Będzie wzrost podobnie jak na swiecie, jednak nie tak duzy.";"wyrażam tylko swój subiektywny pogląd"
"10.2";554;0,1;0,2;"n/a";1;1;2;4;"W Polsce SWD będzie liczylo się coraz bardziej. Chec zyskow będzie zmuszala do ryzyka i zaufaniu rozwiązaniom, jakie oferuje SWD.";"z dużym prawdopodobieństwem"
"10.2";556;0,05;0,2;"n/a";1;1;3;5;"W Polsce będzie jeszcze gorzej pod tym względem";"wyrażam tylko swój subiektywny pogląd"
"10.2";558;0,1;0,2;"n/a";1;4;20;90;"Po początkowym powolnym wzroście, udział decyzji inwestycyjnych w Polsce będzie na poziomie światowym.";"wyrażam tylko swój subiektywny pogląd"
"10.2";564;0,1;0,2;"n/a";55;60;70;90;"W Polsce zarówno rynek inwestycji jak i stopnień wykorzystania technologii jest znacznie niższy, jednak z czasem rynki będą coraz bardziej globalne i wszędzie wystąpi konieczność stosowania swd.";"z dużym prawdopodobieństwem"
"10.2";565;0,05;0,2;"n/a";5;20;30;35;"Własna analiza";"wyrażam tylko swój subiektywny pogląd"
"10.2";566;0,2;0,2;"n/a";4;10;20;40;"Niewielka różnica w stosunku do innych państw";"wyrażam tylko swój subiektywny pogląd"
"10.2";567;0,2;0,2;"n/a";20;40;70;80;"Uzasadnienie jak wyżej.";"wyrażam tylko swój subiektywny pogląd"
"10.2";571;0,4;0,25;"n/a";;;;;"j.w.";"wyrażam tylko swój subiektywny pogląd"
"10.2";579;0,7;0,2;"n/a";10;20;25;35;"Własne analizy";"wyrażam tylko swój subiektywny pogląd"
"10.3";"Udział decyzji inwestycyjnych na rynkach formalnych podejmowanych przy pomocy automatycznych systemów decyzyjnych w % (kraje OECD)";;;;;;;;;
;"kod pytania:";"P";;;;;;;;
;"jednostka:";"procent";;;;;;;;
;"sposób analizy:";;;;;;;;;
;"id użytkownika";"Współczynnik kompetencji";"Współczynnik samooceny";"Stan obecny";"Stan w roku 2015";"Stan w roku 2020";"Stan w roku 2025";"Dalszy rozwój do roku 2030";"Uwagi";"Stopień pewności"
"10.3";68;0,5;0,2;"n/a";30;50;60;95;"Udział decyzji inwestycyjnych na rynkach formalnych będzie wzrastał";"wyrażam tylko swój subiektywny pogląd"
"10.3";140;0,8;0,2;"n/a";10;20;25;40;;"wyrażam tylko swój subiektywny pogląd"
"10.3";248;0,4;0,2;"n/a";30;30;45;45;;"wyrażam tylko swój subiektywny pogląd"
"10.3";284;0,8;0,2;"n/a";5;10;15;30;"Rozwój systemów decyzyjnych na rynkach formalnych przypuszczalnie będzie niższy ze względu na mniejszą podatność tych rynków na informatyzację";"z dużym prawdopodobieństwem"
"10.3";315;0,6;0,75;"n/a";20;30;50;60;"Zalezy od ogolenej systuacji na rynkach finansowych i kryzysow politycznych";"wyrażam tylko swój subiektywny pogląd"
"10.3";344;1;0,5;"n/a";50;60;70;70;;"wyrażam tylko swój subiektywny pogląd"
"10.3";347;0,5;0,2;"n/a";2;15;30;60;"""Udział decyzji inwestycyjnych na rynkach formalnych podejmowanychprzy pomocy SWD będzie wzrastał wraz ze wzrostem zaawansowania technologicznego tych systemów.""";"z dużym prawdopodobieństwem"
"10.3";353;0,5;0,2;"n/a";60;70;80;85;;"wyrażam tylko swój subiektywny pogląd"
"10.3";354;0,5;0,2;"n/a";30;50;65;45;"po początkowej eufori tego typu systemami nastąpi zapaść gdy się okaże że większość systemów faworyzuje podobne decyzje i inwestycje tracą sens";"wyrażam tylko swój subiektywny pogląd"
"10.3";361;0,6;0,2;"n/a";5;20;25;30;;"wyrażam tylko swój subiektywny pogląd"
"10.3";363;0,5;0,2;"n/a";2;5;10;15;;"wyrażam tylko swój subiektywny pogląd"
"10.3";364;0,6;0,2;"n/a";4;5;20;40;"oszacowanie własne na podstawie ogólnej wiedzy";"wyrażam tylko swój subiektywny pogląd"
"10.3";367;0,7;0,2;"n/a";10;10;10;10;"opinia własna";"wyrażam tylko swój subiektywny pogląd"
"10.3";398;0,1;0,2;"n/a";25;30;30;40;;"wyrażam tylko swój subiektywny pogląd"
"10.3";407;0,5;0,2;"n/a";15;20;25;30;"W miarę rozwoju technologii zwiększy się zaufanie ludzi, którzy coraz chętniej będą korzystać z rozwiązań tego typu.";"wyrażam tylko swój subiektywny pogląd"
"10.3";413;0,5;0,2;"n/a";10;10;15;20;"Zaufanie do takich systemów będzie rosnąć powoli.";"wyrażam tylko swój subiektywny pogląd"
"10.3";415;0,5;0,2;"n/a";2;5;35;40;"dopiero duży rozwój tych systemów pozwoli na ich użytek na większą skalę";"wyrażam tylko swój subiektywny pogląd"
"10.3";416;0,9;0,2;"n/a";70;75;80;85;"Niestety nie wiem czym są rynki formalne dlatego zakładam, że wartości w tym stwierdzeniu są zbliżone do wartości z powyższych stwierdzeń.";"wyrażam tylko swój subiektywny pogląd"
"10.3";417;0,01;0,2;"n/a";10;10;15;15;;"wyrażam tylko swój subiektywny pogląd"
"10.3";418;0,5;0,2;"n/a";1;2;3;4;"Automatyczne podejmowanie decyzji będzie bardzo rzadko występowało.";"wyrażam tylko swój subiektywny pogląd"
"10.3";421;0,5;0,2;"n/a";45;50;60;70;"Przypuszczalnie udział w tym obszarze będzie w dużym stopniu odzwierciedlać procentowy udział z podpunktu 1.";"wyrażam tylko swój subiektywny pogląd"
"10.3";423;0,6;0,2;"n/a";10;15;20;25;"Podejrzewam, że specyfika rynków formalnych nie pozwala na zbyt dużą automatyzację podejmowania decyzji. Wydaje się, że takie systemy nie będą się szybko rozpowszechniały.";"wyrażam tylko swój subiektywny pogląd"
"10.3";452;0,5;0,2;"n/a";2;4;10;15;"Do rynków formalnych zaliczamy -targi i wystawy -giełdy towarowe -aukcje -przetargi; prostsze zasady panujące na rynkach formalnych będą się przekładać na większy udział i mniejsze ryzyko zastosowania SWD.";"wyrażam tylko swój subiektywny pogląd"
"10.3";462;0,5;0,4;"n/a";40;50;60;65;"Aktualnie wykorzystanie automatów inwestycyjnych jest popularne, w przyszłości popularność automatów przy inwestycjach będzie rosnąć.";"wyrażam tylko swój subiektywny pogląd"
"10.3";465;0,5;0,2;"n/a";30;50;70;90;"Sadzę, że rynki formalne już obecnie w dużym stopniu korzystają z automatycznych systemów podejmowania decyzji. Myślę, że w perspektywie kilkudziesięciu lat ten sposób podejmowania decyzji, ze względu na swoją skuteczność i szybkość stanie się dominujący w tym sektorze.";"wyrażam tylko swój subiektywny pogląd"
"10.3";494;0,8;0,5;"n/a";15;20;25;30;;"wyrażam tylko swój subiektywny pogląd"
"10.3";506;0,7;0,2;"n/a";0;5;15;30;"Dotarcie do rynków formalnych wymaga znacznie dłuższego testowania i zaufania społecznego";"z dużym prawdopodobieństwem"
"10.3";512;0,5;0,2;"n/a";4;10;1;20;"Tutaj postęp będzie wolniejszy niż w pkt. 10.1 ze względu na konieczność formalizacji wszystkich zagadnień";"wyrażam tylko swój subiektywny pogląd"
"10.3";513;0,5;0,2;"n/a";5;15;30;50;"Początkowo udział ten będzie niewielki jednak ulepszenie tych systemów spowoduje większy udział.";"wyrażam tylko swój subiektywny pogląd"
"10.3";514;0,5;0,2;"n/a";1;3;5;20;"Systemy na rynkach formalnych wprowadzane będą z opóźnieniem ze względu na fakt stworzenia odpowiedni dużych baz danych, które mogły by wspomóc proces decyzyjny";"z dużym prawdopodobieństwem"
"10.3";520;0,5;0,2;"n/a";10;15;20;30;;"wyrażam tylko swój subiektywny pogląd"
"10.3";523;0,4;0,75;"n/a";5;5;10;15;"computerworld";"wyrażam tylko swój subiektywny pogląd"
"10.3";524;0,2;0,2;"n/a";10;10;10;10;"Opinia własna";"wyrażam tylko swój subiektywny pogląd"
"10.3";547;0,1;0,2;"n/a";3;5;10;30;"Rozwój systemów decyzyjnych na rynkach formalnyuch będzie przypuszczalnie niższy z e względu na mniejszą podatność tych rynków na informatyzację";"nie jestem pewien,ale obawiam się, że może tak być"
"10.3";548;0,1;0,2;"n/a";45;50;55;60;"Specyfika rynków formalnych nie będzie wymagała stosowania SWD w aż tak dużym stopniu, jednak procent podejmowanych decyzji będzie rósł.";"wyrażam tylko swój subiektywny pogląd"
"10.3";549;0,1;0,75;"n/a";2;3;5;15;"Dla rynków formalnych zastosowanie SWD będzie korzystne, ponieważ sposób implementacji i wdrożenie SWD jest prostszy.";"wyrażam tylko swój subiektywny pogląd"
"10.3";550;0,1;0,2;"n/a";30;50;60;95;"Ciągły wzrost.";"z dużym prawdopodobieństwem"
"10.3";551;0,1;0,2;"n/a";15;25;40;70;"Zamówienia publiczne, przetargi";"wyrażam tylko swój subiektywny pogląd"
"10.3";552;0,1;0,2;"n/a";1;2;4;5;"Będzie wzrost podobnie jak na swiecie, jednak nie tak duzy.";"wyrażam tylko swój subiektywny pogląd"
"10.3";554;0,1;0,2;"n/a";2;4;10;10;"Do rynkow formalnych zaliczamy targi i wystawy, giełdy towarowe, aukcje, przetargi. Prostsze zasady panujące na rynkach formalnych będą się przekladac na większy udział i mniejsze ryzyko zastosowania SWD.";"z dużym prawdopodobieństwem"
"10.3";556;0,05;0,2;"n/a";5;5;10;15;"Decyzje podejmowane przez SWD raczej i tak będą co najmniej w minimalny sposób dyskutowane";"wyrażam tylko swój subiektywny pogląd"
"10.3";558;0,1;0,2;"n/a";30;50;60;80;"Udział decyzji inwestycyjnych na rynkach formalnych będzie wzrastał.";"wyrażam tylko swój subiektywny pogląd"
"10.3";564;0,1;0,2;"n/a";45;50;50;60;"Specyfika rynków formalnych nie będzie wymagała stosowania swd w aż tak dużym stopniu, jednak procent podejmowanych decyzji będzie rósł.";"jestem raczej pewnien (pewna)"
"10.3";565;0,05;0,2;"n/a";5;10;15;30;"Własna analiza";"wyrażam tylko swój subiektywny pogląd"
"10.3";566;0,2;0,2;"n/a";2;10;20;50;"Rozwój technologii przyczyni się do wzrostu udziału systemu";"wyrażam tylko swój subiektywny pogląd"
"10.3";567;0,2;0,2;"n/a";20;40;70;80;"Uzasadnienie jak wyżej.";"wyrażam tylko swój subiektywny pogląd"
"10.3";571;0,4;0,25;"n/a";;;;;"j.w.";"wyrażam tylko swój subiektywny pogląd"
"10.3";579;0,7;0,2;"n/a";15;15;20;25;"Własne analizy";"wyrażam tylko swój subiektywny pogląd"
"10.4";"Udział decyzji inwestycyjnych na rynkach formalnych podejmowanych przy pomocy automatycznych systemów decyzyjnych w % (Polska) ";;;;;;;;;
;"kod pytania:";"P";;;;;;;;
;"jednostka:";"procent";;;;;;;;
;"sposób analizy:";;;;;;;;;
;"id użytkownika";"Współczynnik kompetencji";"Współczynnik samooceny";"Stan obecny";"Stan w roku 2015";"Stan w roku 2020";"Stan w roku 2025";"Dalszy rozwój do roku 2030";"Uwagi";"Stopień pewności"
"10.4";68;0,5;0,2;"n/a";1;2;20;70;"W Polsce udział decyzji inwestycyjnych na rynkach formalnych będzie na poziomie światowym";"wyrażam tylko swój subiektywny pogląd"
"10.4";140;0,8;0,2;"n/a";30;40;45;50;;"wyrażam tylko swój subiektywny pogląd"
"10.4";248;0,4;0,2;"n/a";20;25;30;35;;"wyrażam tylko swój subiektywny pogląd"
"10.4";284;0,8;0,2;"n/a";5;10;15;30;"Sytuacja w Polsce nie będzie odbiegać od sytuacji w krajach OECD";"z dużym prawdopodobieństwem"
"10.4";315;0,6;0,75;"n/a";5;10;20;20;"Zalezy od ogolenej systuacji na rynkach finansowych i kryzysow politycznych";"wyrażam tylko swój subiektywny pogląd"
"10.4";344;1;0,5;"n/a";15;20;25;30;;"wyrażam tylko swój subiektywny pogląd"
"10.4";347;0,5;0,2;"n/a";1;10;25;55;"""Tempo wzrostu udziału decyzji inwestycyjnych podejmowanych przy pomocy SWD w Polsce będzie nieco mniejsze niż w krajach OECD.""";"z dużym prawdopodobieństwem"
"10.4";353;0,5;0,2;"n/a";35;45;50;60;;"wyrażam tylko swój subiektywny pogląd"
"10.4";354;0,5;0,2;"n/a";20;40;55;40;"j.w. tylko z zastrzeżeniem że mniejsza część rynku będzie podlegała systemom automatycznym";"wyrażam tylko swój subiektywny pogląd"
"10.4";361;0,6;0,2;"n/a";0;10;15;20;;"wyrażam tylko swój subiektywny pogląd"
"10.4";363;0,5;0,2;"n/a";1;2;4;10;;"wyrażam tylko swój subiektywny pogląd"
"10.4";364;0,6;0,2;"n/a";2;3;15;30;"oszacowanie własne na podstawie ogólnej wiedzy";"wyrażam tylko swój subiektywny pogląd"
"10.4";367;0,7;0,2;"n/a";10;10;10;10;"opinia własna";"wyrażam tylko swój subiektywny pogląd"
"10.4";398;0,1;0,2;"n/a";25;30;30;40;;"wyrażam tylko swój subiektywny pogląd"
"10.4";407;0,5;0,2;"n/a";15;20;25;30;"Nie sądzę, by Polska odbiegała pod tym względem od tendencji ogólnych.";"wyrażam tylko swój subiektywny pogląd"
"10.4";413;0,5;0,2;"n/a";5;5;20;20;"Słaba popularność danych systemów, chociaż za kilka lat kiedy staną się pewniejsze pewnie i wejdą na rynek polski.";"wyrażam tylko swój subiektywny pogląd"
"10.4";415;0,5;0,2;"n/a";1;2;5;25;"W Polsce wejdzie to w życie z opóźnieniem";"wyrażam tylko swój subiektywny pogląd"
"10.4";416;0,9;0,2;"n/a";70;75;80;85;"Wydaje mi się, że sytuacja w Polsce odzwierciedla mniej więcej sytuację w krajach OECD.";"wyrażam tylko swój subiektywny pogląd"
"10.4";417;0,01;0,2;"n/a";15;4;10;10;;"wyrażam tylko swój subiektywny pogląd"
"10.4";418;0,5;0,2;"n/a";1;1;2;2;"j/w - bardzo rzadko będzie miało to miejsce.";"wyrażam tylko swój subiektywny pogląd"
"10.4";421;0,5;0,2;"n/a";30;35;45;60;"Prawdopodobnie i w tym parametrze Polska zachowa się podobnie do krajów OECD, lecz z pewnym opóźnieniem.";"wyrażam tylko swój subiektywny pogląd"
"10.4";423;0,6;0,2;"n/a";10;15;20;25;"Uważam, że Polska nie będzie odbiegać od trendu krajów OECD, w tym aspekcie.";"wyrażam tylko swój subiektywny pogląd"
"10.4";452;0,5;0,2;"n/a";1;2;4;10;"Zmiany w Polsce są zawsze wolniejsze w stosunku do krajów z OECD głownie ze względów historycznych. Nie zmienia to jednak faktu, ze polscy inwestorzy będą chcieli to nadrobić i coraz szybciej będą adaptować rozwiązania SWD.";"wyrażam tylko swój subiektywny pogląd"
"10.4";462;0,5;0,4;"n/a";10;20;30;40;"W Polsce również trend będzie rosnący, systemy te stają się coraz popularniejsze i są wykorzystywane obecnie przez inwestorów.";"wyrażam tylko swój subiektywny pogląd"
"10.4";465;0,5;0,2;"n/a";30;50;70;90;"Jak wyżej.";"wyrażam tylko swój subiektywny pogląd"
"10.4";494;0,8;0,5;"n/a";5;10;10;15;;"wyrażam tylko swój subiektywny pogląd"
"10.4";506;0,7;0,2;"n/a";0;0;5;15;"Analogicznie jak wyżej, z pewnym opóźnieniem";"z dużym prawdopodobieństwem"
"10.4";512;0,5;0,2;"n/a";2;4;5;10;"Przy zawiłości prawa polskiego postęp będzie prawie niezauważalny.";"nie jestem pewien,ale chciałbym by tak było"
"10.4";513;0,5;0,2;"n/a";5;15;30;50;"Początkowo udział ten będzie niewielki jednak ulepszenie tych systemów spowoduje większy udział.";"wyrażam tylko swój subiektywny pogląd"
"10.4";514;0,5;0,2;"n/a";1;2;3;5;"W Polsce systemy tego typu nie będą zbytnio rozpowszechnione ze względu istnienia wyspecjalizowanych specjalistów, którzy są znacząco tańsi i pewniejsi z punktu widzenia biznesu posiadającego ograniczone fundusze";"wyrażam tylko swój subiektywny pogląd"
"10.4";520;0,5;0,2;"n/a";3;4;10;15;;"wyrażam tylko swój subiektywny pogląd"
"10.4";523;0,4;0,75;"n/a";5;5;5;5;"computerworld";"wyrażam tylko swój subiektywny pogląd"
"10.4";524;0,2;0,2;"n/a";10;10;10;10;"Opinia własna";"wyrażam tylko swój subiektywny pogląd"
"10.4";547;0,1;0,2;"n/a";3;5;10;30;"Rozwój systemów decyzyjnych na rynkach formalnyuch będzie przypuszczalnie niższy z e względu na mniejszą podatność tych rynków na informatyzację";"nie jestem pewien,ale obawiam się, że może tak być"
"10.4";548;0,1;0,2;"n/a";35;40;45;50;"Sytuacja analogiczna jak na świecie, ale z uwzględnieniem lekkich opóźnień na rynku polskim w stosunku do innych.";"wyrażam tylko swój subiektywny pogląd"
"10.4";549;0,1;0,75;"n/a";0;1;3;5;"Zmiany w Polsce zawsze są wolniejsze niż w krajach OECD, jednak inwestorzy będą starali się szybko nadrobić straty i wprowadzić SWD w Polsce.";"wyrażam tylko swój subiektywny pogląd"
"10.4";550;0,1;0,2;"n/a";1;2;20;70;"Podobnie, jak na świecie - wzrost, jednak nieco opóźniony.";"pewność"
"10.4";551;0,1;0,2;"n/a";10;20;30;50;"Duża różnica z OECD";"wyrażam tylko swój subiektywny pogląd"
"10.4";552;0,1;0,2;"n/a";1;2;3;5;"Będzie wzrost podobnie jak na swiecie, jednak nie tak duzy.";"wyrażam tylko swój subiektywny pogląd"
"10.4";554;0,1;0,2;"n/a";1;2;4;10;"Polscy inwestorzy będą chcieli to nadrobić i coraz szybciej będą adaptować rozwiązania SWD.";"z dużym prawdopodobieństwem"
"10.4";556;0,05;0,2;"n/a";3;4;5;10;"Decyzje podejmowane przez SWD raczej i tak będą co najmniej w minimalny sposób dyskutowane";"wyrażam tylko swój subiektywny pogląd"
"10.4";558;0,1;0,2;"n/a";1;2;20;70;"W Polsce udział decyzji inwestycyjnych będzie zbliżał się do poziomu światowego.";"wyrażam tylko swój subiektywny pogląd"
"10.4";564;0,1;0,2;"n/a";35;40;45;50;"Sytuacja analogiczna jak na świecie, ale z uwzględnieniem lekkich opóźnień na rynku polskim w stosunku do innych rynków.";"jestem raczej pewnien (pewna)"
"10.4";565;0,05;0,2;"n/a";10;10;10;20;"Własna analiza";"wyrażam tylko swój subiektywny pogląd"
"10.4";566;0,2;0,2;"n/a";2;5;15;40;"Niewielka różnica w stosunku do innych panstw";"wyrażam tylko swój subiektywny pogląd"
"10.4";567;0,2;0,2;"n/a";20;40;70;80;"Uzasadnienie jak wyżej.";"wyrażam tylko swój subiektywny pogląd"
"10.4";571;0,4;0,25;"n/a";;;;;"j.w.";"wyrażam tylko swój subiektywny pogląd"
"10.4";579;0,7;0,2;"n/a";10;10;15;20;"Własne analizy";"wyrażam tylko swój subiektywny pogląd"
"10.5";"Udział dużych (niespełniających definicji MŚP) przedsiębiorstw (wszystkie branże) korzystających z systemów zarządzania ryzykiem (ERM) z funkcjonalnościami SWD (kraje OECD)";;;;;;;;;
;"kod pytania:";"P";;;;;;;;
;"jednostka:";"procent";;;;;;;;
;"sposób analizy:";;;;;;;;;
;"id użytkownika";"Współczynnik kompetencji";"Współczynnik samooceny";"Stan obecny";"Stan w roku 2015";"Stan w roku 2020";"Stan w roku 2025";"Dalszy rozwój do roku 2030";"Uwagi";"Stopień pewności"
"10.5";68;0,5;0,2;"n/a";10;20;20;25;"Następuje ciągły wzrost znaczenia systemów SWD";"wyrażam tylko swój subiektywny pogląd"
"10.5";140;0,8;0,2;"n/a";10;15;25;35;;"wyrażam tylko swój subiektywny pogląd"
"10.5";248;0,4;0,2;"n/a";60;65;80;80;;"wyrażam tylko swój subiektywny pogląd"
"10.5";284;0,8;0,2;"n/a";40;60;80;90;"W przypadku dużych przedsiębiorstw zapotrzebowanie na ERM jest wysokie, co z pewnością wpłynie na wzrost prędkości ich rozwoju";"jestem raczej pewnien (pewna)"
"10.5";315;0,6;0,75;"n/a";5;15;30;50;"Zalezy od ogolenej systuacji na rynkach finansowych i kryzysow politycznych";"wyrażam tylko swój subiektywny pogląd"
"10.5";344;1;0,5;"n/a";25;25;25;25;;"wyrażam tylko swój subiektywny pogląd"
"10.5";347;0,5;0,2;"n/a";4;20;45;80;"""Duże przedsiębiorstwa zaczną coraz powszechniej korzystać z systemów ERM z funkcjonalnościami SWD, ponieważ z czasem będą one w stanie dokonać coraz lepszej analizy ryzyka, zwykle lepszej niż fachowcy w dziedzinie.""";"z dużym prawdopodobieństwem"
"10.5";353;0,5;0,2;"n/a";15;25;30;40;;"wyrażam tylko swój subiektywny pogląd"
"10.5";354;0,5;0,2;"n/a";5;10;15;20;"w większości systemów zarządzania przedsiębiorstwem zawarte są podsystemy zarządzania ryzykiem umożliwiające znajdowanie etapów o dużym ryzyku i jego minimalizacja";"wyrażam tylko swój subiektywny pogląd"
"10.5";361;0,6;0,2;"n/a";10;15;25;40;;"wyrażam tylko swój subiektywny pogląd"
"10.5";363;0,5;0,2;"n/a";5;15;25;45;;"wyrażam tylko swój subiektywny pogląd"
"10.5";364;0,6;0,2;"n/a";10;25;40;60;"oszacowanie własne na podstawie ogólnej wiedzy";"wyrażam tylko swój subiektywny pogląd"
"10.5";367;0,7;0,2;"n/a";10;10;10;10;"opinia własna";"wyrażam tylko swój subiektywny pogląd"
"10.5";398;0,1;0,2;"n/a";25;30;30;45;;"wyrażam tylko swój subiektywny pogląd"
"10.5";407;0,5;0,2;"n/a";70;70;70;70;"Duże przedsiębiorstwa dysponują dużymi budżetami, które pozwalają na nabycie tego typu systemów. Co więcej, obroty dużych firm, a w związku z tym i ryzyko są większe niż w przypadku firm małych dlatego większy stopień wspomagania się automatycznymi systemami jest tym bardziej uzasadniony. Sądzę, że procentowy udział firm korzystających z tego typu rozwiązań nie będzie się zmieniał, choć liczbowo może nastąpić pewien wzrost.";"wyrażam tylko swój subiektywny pogląd"
"10.5";413;0,5;0,2;"n/a";50;55;55;70;"Duże przedsiębiorstwa ze względu na swoja wielkość są niejako zmuszone do korzystania z takich systemów.";"wyrażam tylko swój subiektywny pogląd"
"10.5";415;0,5;0,2;"n/a";5;30;55;75;"Po udowodnieniu skuteczności tych systemów będą one szerzej wykorzystywane";"wyrażam tylko swój subiektywny pogląd"
"10.5";416;0,9;0,2;"n/a";50;60;70;80;"Duże przedsiębiorstwa na pewno korzystają z systemów zarządzania ryzykiem. Rozpowszechnianie się systemów SWD spowoduje wzrost wykorzystania tych właśnie wprowadzanych funkcjonalności, ze względu na ich większą skuteczność niż tradycyjnych systemów ERM.";"wyrażam tylko swój subiektywny pogląd"
"10.5";417;0,01;0,2;"n/a";4;5;5;5;;"wyrażam tylko swój subiektywny pogląd"
"10.5";418;0,5;0,2;"n/a";50;55;65;75;"W dużych przedsiębiorstwach systemy ERM z funkcjonalnością SWD staną się nie jako standardem, stąd tak wysoki współczynnik procentowy.";"wyrażam tylko swój subiektywny pogląd"
"10.5";421;0,5;0,2;"n/a";35;40;45;50;"W dużych przedsiębiorstwach systemy zarządzania ryzykiem na pewno będą się cieszyć popularnością, ale z drugiej strony duże przedsiębiorstwa potrzebują więcej czasu na wprowadzenie nowych systemów czy też inne zmiany. Dlatego też przypuszczalnie procentowy udział wykorzystania tych systemów będzie rósł, lecz nie będzie to bardzo dynamiczny wzrost.";"wyrażam tylko swój subiektywny pogląd"
"10.5";423;0,6;0,2;"n/a";30;35;40;45;"Wydaje mi się, że duże przedsiębiorstwa, dla których ważne jest zarządzanie ryzykiem, będą chętne do korzystania z takich systemów. Powinno to wpłynąć na rozwój tej technologii.";"wyrażam tylko swój subiektywny pogląd"
"10.5";452;0,5;0,2;"n/a";80;85;90;90;"Obecnie wynosi około 75% oraz trend wzrostowy z powodu rosnącego zaufania.";"wyrażam tylko swój subiektywny pogląd"
"10.5";462;0,5;0,4;"n/a";40;50;55;60;"W dużych firmach wykorzystanie SWD może dawać strategiczną przewagę nad konkurencją, dlatego coraz więcej dużych firm będzie wykorzystywać systemy SWD do zarządzania ryzykiem.";"wyrażam tylko swój subiektywny pogląd"
"10.5";465;0,5;0,2;"n/a";30;50;70;90;"Coraz więcej dużych przedsiębiorstw będzie zmuszonych (przez ilość czynników wpływających na podejmowane decyzje i ograniczenia czasowe) ale i zachęconych skutecznością i efektywnością do stosowania systemów zarządzania ryzykiem i SWD.";"wyrażam tylko swój subiektywny pogląd"
"10.5";494;0,8;0,5;"n/a";25;30;40;60;"W tym sektorze finansowe SWD mają dużą szansę rozwoju. Już dzisiaj większość korporacji, a zwłaszcza banków i agencji finansowych podejmuje decyzje korzystając lub opierając się o wskazania SWD. Wraz z rozwojem tych systemów poziom użyteczności i możliwości ich zastosowania nie tylko do analizowania badanych zdarzeń czy zachowań rynku, ale oceny ryzyka będzie systematycznie wzrastał. Najszybszy wzrost będzie widoczny w krajach rozwiniętych gospodarczo, gdzie przemysł głównie opiera swoją działalność na odkryciach naukowych i rozwoju branży hi-tech.";"wyrażam tylko swój subiektywny pogląd"
"10.5";506;0,7;0,2;"n/a";15;25;40;50;"Dynamiczny rozwój, potencjalne zyski";"wyrażam tylko swój subiektywny pogląd"
"10.5";512;0,5;0,2;"n/a";20;40;60;80;"Przedsiębiorcy dostrzegając korzyści z SWD będą w szybkim tempie adaptować rozwiązania w swoich firmach";"wyrażam tylko swój subiektywny pogląd"
"10.5";513;0,5;0,2;"n/a";2;20;40;60;"Początkowo udział ten będzie niewielki jednak ulepszenie tych systemów spowoduje większy udział.";"wyrażam tylko swój subiektywny pogląd"
"10.5";514;0,5;0,2;"n/a";20;30;40;45;"Prognozowany jest znaczący wzrost firm używających systemów zarządzania ryzykiem, dotychczasowe systemu nie dają pełnego obrazu sytuacji i nie są w stanie przewidzieć wszystkich wariantów powiązanych z ryzykiem. Nowe systemy powinny być pozbawione tego problemu a co za tym idzie stanowić większą wartość dla przedsiębiorstwa";"jestem raczej pewnien (pewna)"
"10.5";520;0,5;0,2;"n/a";5;10;20;40;;"wyrażam tylko swój subiektywny pogląd"
"10.5";523;0,4;0,75;"n/a";5;10;10;15;"computerworld";"wyrażam tylko swój subiektywny pogląd"
"10.5";524;0,2;0,2;"n/a";10;10;10;10;"Opinia własna";"wyrażam tylko swój subiektywny pogląd"
"10.5";547;0,1;0,2;"n/a";40;60;80;90;"Rozwój systemów decyzyjnych na rynkach formalnyuch będzie przypuszczalnie niższy z e względu na mniejszą podatność tych rynków na informatyzację";"nie jestem pewien,ale chciałbym by tak było"
"10.5";548;0,1;0,2;"n/a";50;60;75;85;"Rynek zrobi się coraz bardziej wymagający i strategiczne pomyłki podejmowane przez korporacyjnych analityków będą kończyły się klęskami.";"jestem raczej pewnien (pewna)"
"10.5";549;0,1;0,75;"n/a";80;85;85;90;"Trend jest wzrostowy i będzie taki się utrzymywał z powodu rosnącego zapotrzebowania i zaufania na teog typu narzędzia.";"wyrażam tylko swój subiektywny pogląd"
"10.5";550;0,1;0,2;"n/a";10;15;20;25;"Ciągły wzrost.";"z dużym prawdopodobieństwem"
"10.5";551;0,1;0,2;"n/a";4;10;35;60;;"wyrażam tylko swój subiektywny pogląd"
"10.5";552;0,1;0,2;"n/a";1;2;5;5;"Będzie wzrost podobnie jak na swiecie, jednak nie tak duzy.";"wyrażam tylko swój subiektywny pogląd"
"10.5";554;0,1;0,2;"n/a";80;85;90;90;"Obecnie wynosi około 75% oraz trend wzrostowy z powodu rosnącego zaufania.";"z dużym prawdopodobieństwem"
"10.5";556;0,05;0,2;"n/a";20;40;70;80;"Decyzje podejmowane przez SWD raczej i tak będą co najmniej w minimalny sposób dyskutowane";"wyrażam tylko swój subiektywny pogląd"
"10.5";558;0,1;0,2;"n/a";10;20;20;25;"Ciągły wzrost znaczenia systemów SWD.";"nie jestem pewien,ale chciałbym by tak było"
"10.5";564;0,1;0,2;"n/a";50;60;75;85;"Rynek zrobi się coraz bardziej wymagający i strategiczne pomyłki podejmowane przez korporacyjnych analityków będą kończyły się klęskami.";"wyrażam tylko swój subiektywny pogląd"
"10.5";565;0,05;0,2;"n/a";10;20;25;30;"Własna analiza";"wyrażam tylko swój subiektywny pogląd"
"10.5";566;0,2;0,2;"n/a";5;10;10;15;"Niewielki, aczkolwiek stały wzrost udziału";"wyrażam tylko swój subiektywny pogląd"
"10.5";567;0,2;0,2;"n/a";20;40;70;80;"Uzasadnienie jak wyżej.";"wyrażam tylko swój subiektywny pogląd"
"10.5";571;0,4;0,25;"n/a";;;;;"j.w.";"wyrażam tylko swój subiektywny pogląd"
"10.5";579;0,7;0,2;"n/a";10;10;15;20;"Własne analizy";"wyrażam tylko swój subiektywny pogląd"
"10.6";"Udział MŚP przedsiębiorstw (wszystkie branże) korzystających z systemów zarządzania ryzykiem (ERM) z funkcjonalnościami SWD (kraje OECD)";;;;;;;;;
;"kod pytania:";"P";;;;;;;;
;"jednostka:";"procent";;;;;;;;
;"sposób analizy:";;;;;;;;;
;"id użytkownika";"Współczynnik kompetencji";"Współczynnik samooceny";"Stan obecny";"Stan w roku 2015";"Stan w roku 2020";"Stan w roku 2025";"Dalszy rozwój do roku 2030";"Uwagi";"Stopień pewności"
"10.6";68;0,5;0,2;"n/a";5;10;30;90;"Udział MŚP przedsiębiorstw będzie bardzo znaczący";"wyrażam tylko swój subiektywny pogląd"
"10.6";140;0,8;0,2;"n/a";15;20;25;35;;"wyrażam tylko swój subiektywny pogląd"
"10.6";248;0,4;0,2;"n/a";60;70;85;90;;"wyrażam tylko swój subiektywny pogląd"
"10.6";284;0,8;0,2;"n/a";15;25;35;50;"Systemy zarządzania ryzykiem ERM będą niezbędne w coraz większej ilości przedsiębiorstw";"wyrażam tylko swój subiektywny pogląd"
"10.6";315;0,6;0,75;"n/a";2;5;10;15;"Zalezy od ogolenej systuacji na rynkach finansowych i kryzysow politycznych";"wyrażam tylko swój subiektywny pogląd"
"10.6";344;1;0,5;"n/a";20;20;20;20;;"wyrażam tylko swój subiektywny pogląd"
"10.6";347;0,5;0,2;"n/a";1;10;35;60;"""MŚP przedsiębiorstwa zaczną coraz powszechniej korzystać z systemów ERM z funkcjonalnościami SWD, jednak nie aż tak powszechnie jak duże przedsiębiorstwa ze względu na wysokie koszty takich systemów.""";"z dużym prawdopodobieństwem"
"10.6";353;0,5;0,2;"n/a";20;30;40;45;;"wyrażam tylko swój subiektywny pogląd"
"10.6";354;0,5;0,2;"n/a";2;5;10;15;"MŚP stosują systemy łatwiejsze w obsłudze i taniej jest zamówić firmę konsultingową niż szkolić personel do nowego systemu";"wyrażam tylko swój subiektywny pogląd"
"10.6";361;0,6;0,2;"n/a";10;20;25;35;;"wyrażam tylko swój subiektywny pogląd"
"10.6";363;0,5;0,2;"n/a";1;5;10;15;;"wyrażam tylko swój subiektywny pogląd"
"10.6";364;0,6;0,2;"n/a";4;10;15;30;"oszacowanie własne na podstawie ogólnej wiedzy";"wyrażam tylko swój subiektywny pogląd"
"10.6";367;0,7;0,2;"n/a";10;10;15;10;"opinia własna";"wyrażam tylko swój subiektywny pogląd"
"10.6";398;0,1;0,2;"n/a";25;30;30;45;;"wyrażam tylko swój subiektywny pogląd"
"10.6";407;0,5;0,2;"n/a";10;15;20;20;"Mniejsze przedsiębiorstwa nie dysponują środkami wystarczającymi na nabycie drogich, specjalistycznych systemów, dlatego przewiduję, ze wraz z rozwojem i stopniowym spadkiem cen, a także większą dostępnością tego typu rozwiązań coraz więcej firm z sektora MŚP zacznie wykorzystywać je w codziennej pracy.";"wyrażam tylko swój subiektywny pogląd"
"10.6";413;0,5;0,2;"n/a";20;25;30;40;"Tutaj już nie ma takiej konieczności, chociaż przedsiębiorstwa na pewno ułatwiają sobie zarządzanie firmą i też korzystają z takich systemów.";"wyrażam tylko swój subiektywny pogląd"
"10.6";415;0,5;0,2;"n/a";3;30;65;80;"Podobnie jak w poprzednim punkcie";"wyrażam tylko swój subiektywny pogląd"
"10.6";416;0,9;0,2;"n/a";10;15;20;25;"Przedsiębiorstwa z sektora MŚP mają ograniczony budżet i nie stać ich na nowinki zawarte w dużych systemach, jak i na same duże systemu do zarządzania przedsiębiorstwami. Odsetek korzystających z zaawansowanych systemów jest niewielki. Będzie on rósł tylko w przypadku gdy systemy z funkcjonalnościami SWD będą małe, lekkie i tanie. Mam nadzieję, że takie systemy będą powstawały.";"nie jestem pewien,ale chciałbym by tak było"
"10.6";417;0,01;0,2;"n/a";10;15;15;15;;"wyrażam tylko swój subiektywny pogląd"
"10.6";418;0,5;0,2;"n/a";40;45;50;55;"MŚP też będą używały systemów ERM z funkcjonalnością SWD jednak w mniejszej skali niż w przypadku dużych przedsiębiorstw.";"wyrażam tylko swój subiektywny pogląd"
"10.6";421;0,5;0,2;"n/a";30;40;50;60;"MŚP przedsiębiorstwa początkowo przypuszczalnie będą nieco lekceważyć systemy zarządzania ryzykiem, lecz gdy się do nich przekonają ich wprowadzenie odbędzie się szybciej, z racji na większą proste wprowadzenia, a także gotowość do podjęcia ryzyka wprowadzenia takiego systemu.";"wyrażam tylko swój subiektywny pogląd"
"10.6";423;0,6;0,2;"n/a";10;15;20;25;"Podejrzewam, że zmniejszone zainteresowanie takim rozwiązaniem wpłynie negatywnie na jego rozwój.";"wyrażam tylko swój subiektywny pogląd"
"10.6";452;0,5;0,2;"n/a";45;55;70;85;"Adaptacja rozwiązań przez MŚP obecnie jest na niższym poziomie niż wśród wielkich przedsiębiorców, jednak zakłada się, że wzorst będzie znaczny ze względu na rosnące zaufanie wobec SWD i funkcje, które zapewnia.";"wyrażam tylko swój subiektywny pogląd"
"10.6";462;0,5;0,4;"n/a";10;15;20;25;"Te przedsiębiorstwa nie mogą pozwolić sobie na duże inwestycje, jednak będą wprowadzać systemy ERM z funkcjonalnościami SWD, jednak nie na taką skalę jak duże przedsiębiorstwa.";"wyrażam tylko swój subiektywny pogląd"
"10.6";465;0,5;0,2;"n/a";5;10;15;20;"Małe i średnie przedsiębiorstwa ciągle stosują tradycyjne metody, jak sądzę nie doceniają nowoczesnych systemów wspomagania. Być może rozpowszechnienie SWD w tym sektorze wiąże się też z kosztami wprowadzenia takich systemów.";"wyrażam tylko swój subiektywny pogląd"
"10.6";494;0,8;0,5;"n/a";20;25;30;40;"MŚP niezależnie od lokalizacji (Polska czy UE) będą w mniejszym stopniu zainteresowane wdrażaniem tych systemów. Jednakże aby nie wypaść z rynku oraz nie odstawać od konkurencji będą wdrażać SWD w obszarach dotyczących ich najważniejszych działalności.";"wyrażam tylko swój subiektywny pogląd"
"10.6";506;0,7;0,2;"n/a";0;10;25;30;"Konieczność nakładów finansowych (dlatego mniej niż w dużych przedsiębiorstwach)";"wyrażam tylko swój subiektywny pogląd"
"10.6";512;0,5;0,2;"n/a";10;20;30;40;"Mniejsze przedsiębiorstwa będą naturalnie wolniej implementować rozwiązania z pkt. 10.5 ze względu na mniejsze zasoby finansowe.";"wyrażam tylko swój subiektywny pogląd"
"10.6";513;0,5;0,2;"n/a";2;20;40;60;"Początkowo udział ten będzie niewielki jednak ulepszenie tych systemów spowoduje większy udział.";"wyrażam tylko swój subiektywny pogląd"
"10.6";514;0,5;0,2;"n/a";10;20;25;30;"Biorąc pod uwagę wszystkie branże, udział przedsiębiorstw używających systemów zarządzania ryzykiem nie jest tak imponujący jak w dużych firmach (ze względu na bardzo duże koszty, które nie są w stanie zamortyzować prawdopodobnych unikniętych złych decyzji w mniejszych firmach). Wraz z upływem czasu ilość firm korzystających z tego typu systemów (ze względu na konkurencję) zwiększy się";"z dużym prawdopodobieństwem"
"10.6";520;0,5;0,2;"n/a";3;10;15;30;;"wyrażam tylko swój subiektywny pogląd"
"10.6";523;0,4;0,75;"n/a";5;10;10;15;"computerworld";"wyrażam tylko swój subiektywny pogląd"
"10.6";524;0,2;0,2;"n/a";10;10;10;10;"Opinia własna";"wyrażam tylko swój subiektywny pogląd"
"10.6";547;0,1;0,2;"n/a";20;25;40;60;"W przypadku dużych przedsiębiorstw zapotrzebowanie na erm jest wysokie, co z pewnością wpłynie na wzrost prędkości rozwoju";"wyrażam tylko swój subiektywny pogląd"
"10.6";548;0,1;0,2;"n/a";20;25;30;35;"Systemy SWD i ERM będą zbyt drogie dla przedsiębiorstw MŚP. Wykorzystanie systemu nie będzie krytyczne dla ich przetrwania.";"jestem raczej pewnien (pewna)"
"10.6";549;0,1;0,75;"n/a";45;50;55;60;"W mniejszych i średnich przedsiębiorstwach nie ma tak dużej potrzeby stosowania SWD, jednak ze względu na malejące koszty podstawowych zastosowań SWD i postępu na tym polu, MŚP będą chcieli wprowadzać te rozwiązania.";"wyrażam tylko swój subiektywny pogląd"
"10.6";550;0,1;0,2;"n/a";5;10;30;90;"Udział MŚP przedsiębiorstw będzie bardzo znaczący.";"jestem raczej pewnien (pewna)"
"10.6";551;0,1;0,2;"n/a";1;5;20;30;"Rozwiązania zbyt drogie dla MŚP";"wyrażam tylko swój subiektywny pogląd"
"10.6";552;0,1;0,2;"n/a";1;2;4;5;"Będzie wzrost podobnie jak na swiecie, jednak nie tak duzy.";"wyrażam tylko swój subiektywny pogląd"
"10.6";554;0,1;0,2;"n/a";45;55;70;85;"Adaptacja rozwiazan przez MŚP obecnie jest na niższym poziomie niż wśród wielkich przedsiebiorcow, jednak zakłada się, ze wzrost będzie znaczny ze względu na rosnące zaufanie wobec SWD i funkcje, które zapewnia.";"z dużym prawdopodobieństwem"
"10.6";556;0,05;0,2;"n/a";20;40;50;60;"Małych i średnich przedsiębiorstw może nie stać na odpowiednie SWD.";"wyrażam tylko swój subiektywny pogląd"
"10.6";558;0,1;0,2;"n/a";5;10;30;40;"Udział MŚP przedsiębiorstw będzie bardzo znaczący.";"nie jestem pewien,ale chciałbym by tak było"
"10.6";564;0,1;0,2;"n/a";20;25;30;35;"Systemy swd i ERM będą zbyt drogie dla przedsiębiorstw MŚP. Wykorzystanie systemu nie będzie krytyczne dla przetrwania przedsiębiorstwa.";"wyrażam tylko swój subiektywny pogląd"
"10.6";565;0,05;0,2;"n/a";20;30;40;50;"Własna analiza";"wyrażam tylko swój subiektywny pogląd"
"10.6";566;0,2;0,2;"n/a";5;10;10;20;"Niewielki aczkolwiek stały wzrost udziału";"wyrażam tylko swój subiektywny pogląd"
"10.6";567;0,2;0,2;"n/a";20;40;50;60;"Uzasadnienie jak wyżej. Małych i średnich przedsiębiorstw może nie stać na odpowiednie SWD.";"wyrażam tylko swój subiektywny pogląd"
"10.6";571;0,4;0,25;"n/a";;;;;"j.w.";"wyrażam tylko swój subiektywny pogląd"
"10.6";579;0,7;0,2;"n/a";10;10;15;20;"Własne analizy";"wyrażam tylko swój subiektywny pogląd"
"10.7";"Udział dużych (niespełniających definicji MŚP) przedsiębiorstw (wszystkie branże) korzystających z systemów zarządzania ryzykiem (ERM) z funkcjonalnościami SWD (Polska)";;;;;;;;;
;"kod pytania:";"P";;;;;;;;
;"jednostka:";"procent";;;;;;;;
;"sposób analizy:";;;;;;;;;
;"id użytkownika";"Współczynnik kompetencji";"Współczynnik samooceny";"Stan obecny";"Stan w roku 2015";"Stan w roku 2020";"Stan w roku 2025";"Dalszy rozwój do roku 2030";"Uwagi";"Stopień pewności"
"10.7";68;0,5;0,2;"n/a";3;10;80;100;"Udział dużych przedsiębiorstw również będzie bardzo znaczący";"wyrażam tylko swój subiektywny pogląd"
"10.7";140;0,8;0,2;"n/a";15;20;25;30;;"wyrażam tylko swój subiektywny pogląd"
"10.7";284;0,8;0,2;"n/a";40;60;80;90;"W przypadku dużych przedsiębiorstw zapotrzebowanie na ERM jest wysokie, co z pewnością wpłynie na wzrost prędkości ich rozwoju";"jestem raczej pewnien (pewna)"
"10.7";315;0,6;0,75;"n/a";10;15;20;25;"Zalezy od ogolenej systuacji na rynkach finansowych i kryzysow politycznych";"wyrażam tylko swój subiektywny pogląd"
"10.7";344;1;0,5;"n/a";30;30;30;30;;"wyrażam tylko swój subiektywny pogląd"
"10.7";347;0,5;0,2;"n/a";4;20;45;80;"""Duże przedsiębiorstwa zaczną coraz powszechniej korzystać z systemów ERM z funkcjonalnościami SWD, ponieważ z czasem będą one w stanie dokonać coraz lepszej analizy ryzyka, zwykle lepszej niż fachowcy w dziedzinie.""";"z dużym prawdopodobieństwem"
"10.7";353;0,5;0,2;"n/a";35;55;65;70;;"wyrażam tylko swój subiektywny pogląd"
"10.7";354;0,5;0,2;"n/a";5;10;15;20;"trendy w gospodarce polskiej bardzo ściśle śledzą poczynania inny zagranicznych firm i biorą z nich dobry przykład, stosują podobne systemy z wbudowanym zarządzaniem wyzykiem";"wyrażam tylko swój subiektywny pogląd"
"10.7";361;0,6;0,2;"n/a";10;15;20;35;;"wyrażam tylko swój subiektywny pogląd"
"10.7";363;0,5;0,2;"n/a";5;15;25;45;;"wyrażam tylko swój subiektywny pogląd"
"10.7";364;0,6;0,2;"n/a";20;40;65;90;"oszacowanie własne na podstawie ogólnej wiedzy";"wyrażam tylko swój subiektywny pogląd"
"10.7";367;0,7;0,2;"n/a";10;20;10;10;"opinia własna";"wyrażam tylko swój subiektywny pogląd"
"10.7";398;0,1;0,2;"n/a";25;30;30;45;;"wyrażam tylko swój subiektywny pogląd"
"10.7";407;0,5;0,2;"n/a";;;;;"Powtórzone pytanie 10.5.";"wyrażam tylko swój subiektywny pogląd"
"10.7";413;0,5;0,2;"n/a";40;50;55;70;"Trend podobny jak na świecie.";"wyrażam tylko swój subiektywny pogląd"
"10.7";415;0,5;0,2;"n/a";5;30;55;75;"Powtórzenie pytania 10.5";"wyrażam tylko swój subiektywny pogląd"
"10.7";416;0,9;0,2;"n/a";50;60;70;80;"Powtórzone stwierdzenie 10.5.";"wyrażam tylko swój subiektywny pogląd"
"10.7";417;0,01;0,2;"n/a";70;70;75;80;;"wyrażam tylko swój subiektywny pogląd"
"10.7";418;0,5;0,2;"n/a";45;45;60;70;"Sytuacja w Polsce w przypadku dużych przedsiębiorstw i korzystania przez nie z systemów ERM z funkcjonalnością SWD będzie wyglądała prawie tak samo jak w przypadku pozostałych krajów członkowskich OECD, jednak odsetek przedsiębiorstw korzystających z nich będzie o ok. 5 punktów procentowych niższy.";"wyrażam tylko swój subiektywny pogląd"
"10.7";421;0,5;0,2;"n/a";25;35;35;40;"Polskie duże przedsiębiorstwa zachowają się podobnie do tych z krajów OECD, zachowując pewne opóźnienie.";"wyrażam tylko swój subiektywny pogląd"
"10.7";423;0,6;0,2;"n/a";25;30;35;40;"Wydaje mi się, że polskie duże przedsiębiorstwa nie będą zainteresowane takim rozwiązaniem i wpłynie to na mniejszy rozwój technologii niż w krajach OECD.";"wyrażam tylko swój subiektywny pogląd"
"10.7";452;0,5;0,2;"n/a";80;85;90;95;"Obecnie wynosi około 75% oraz trend wzrostowy z powodu rosnącego zaufania.";"wyrażam tylko swój subiektywny pogląd"
"10.7";462;0,5;0,4;"n/a";25;35;40;45;"Trend będzie podobny jak na świecie, tylko przesunięty w czasie.";"wyrażam tylko swój subiektywny pogląd"
"10.7";465;0,5;0,2;"n/a";30;50;70;90;"Coraz więcej dużych przedsiębiorstw będzie zmuszonych (przez ilość czynników wpływających na podejmowane decyzje i ograniczenia czasowe) ale i zachęconych skutecznością i efektywnością do stosowania systemów zarządzania ryzykiem i SWD.";"wyrażam tylko swój subiektywny pogląd"
"10.7";494;0,8;0,5;"n/a";20;25;30;40;"Sytuacja w sektorze dużych przedsiębiorstw na terenie Polski będzie podobna do reszty świata. Jest to związane z tym, że ""główni gracze"" poszczególnych segmentów mają swoje przedstawicielstwa lub bezpośrednio działają na poskim rynku. W związku z tym sytuacja zastosowania SWD będzie analogiczna jak w innych krajach, z tym że w Polsce rozwój wdrożeń SWD będzie wolniejszy.";"wyrażam tylko swój subiektywny pogląd"
"10.7";506;0,7;0,2;"n/a";10;15;25;40;"Analogicznie jak wyżej, z pewnym opóźnieniem";"z dużym prawdopodobieństwem"
"10.7";512;0,5;0,2;"n/a";20;40;60;80;"Przedsiębiorcy dostrzegając korzyści z SWD będą w szybkim tempie adaptować rozwiązania w swoich firmach";"jestem raczej pewnien (pewna)"
"10.7";513;0,5;0,2;"n/a";2;10;25;40;"Początkowo udział ten będzie niewielki jednak ulepszenie tych systemów spowoduje większy udział.";"wyrażam tylko swój subiektywny pogląd"
"10.7";514;0,5;0,2;"n/a";20;30;40;45;"Prognozowany jest znaczący wzrost firm używających systemów zarządzania ryzykiem, dotychczasowe systemu nie dają pełnego obrazu sytuacji i nie są w stanie przewidzieć wszystkich wariantów powiązanych z ryzykiem. Nowe systemy powinny być pozbawione tego problemu a co za tym idzie stanowić większą wartość dla przedsiębiorstwa";"jestem raczej pewnien (pewna)"
"10.7";520;0,5;0,2;"n/a";3;5;10;25;;"wyrażam tylko swój subiektywny pogląd"
"10.7";523;0,4;0,75;"n/a";2;2;2;3;"computerworld";"wyrażam tylko swój subiektywny pogląd"
"10.7";524;0,2;0,2;"n/a";10;10;10;10;"Opinia własna";"wyrażam tylko swój subiektywny pogląd"
"10.7";547;0,1;0,2;"n/a";40;60;80;90;"W przypadku dużych przedsiębiorstw zapotrzebowanie na erm jest wysokie, co z pewnością wpłynie na wzrost prędkości rozwoju";"nie jestem pewien,ale chciałbym by tak było"
"10.7";548;0,1;0,2;"n/a";40;45;65;80;"Przedsiębiorstwa w Polsce będą musiały korzystać z systemów, aby konkurować z firmami z innych krajów. Jednak z pewnością systemy te będą wprowadzone na mniejszą skalę.";"jestem raczej pewnien (pewna)"
"10.7";549;0,1;0,75;"n/a";80;85;85;90;"Trend jest wzrostowy i będzie taki się utrzymywał z powodu rosnącego zapotrzebowania i zaufania na teog typu narzędzia.";"wyrażam tylko swój subiektywny pogląd"
"10.7";550;0,1;0,2;"n/a";3;15;80;100;"Bardzo znaczący udział.";"pewność"
"10.7";551;0,1;0,2;"n/a";4;10;35;60;"Poziom równy z OECD";"wyrażam tylko swój subiektywny pogląd"
"10.7";552;0,1;0,2;"n/a";1;2;3;5;"Będzie wzrost podobnie jak na swiecie, jednak nie tak duzy.";"wyrażam tylko swój subiektywny pogląd"
"10.7";554;0,1;0,2;"n/a";80;85;90;95;"Obecnie wynosi około 75% oraz trend wzrostowy z powodu rosnącego zaufania.";"z dużym prawdopodobieństwem"
"10.7";556;0,05;0,2;"n/a";25;45;80;90;"Szacowanie decyzji w dużych przedsiębiorstwach jest trudniejsze ze względu na ogrom danych, więc takie firmy chętnie skorzystają z możliwości SWD.";"wyrażam tylko swój subiektywny pogląd"
"10.7";558;0,1;0,2;"n/a";3;10;15;25;"Udział MŚP przedsiębiorstw będzie bardzo znaczący.";"nie jestem pewien,ale chciałbym by tak było"
"10.7";564;0,1;0,2;"n/a";40;45;65;80;"W Polsce będą musiały korzystać z systemów aby konkurować z firmami z innych krajów. Jednak z pewnością systemy te będą prowadzone na mniejszą skalę.";"wyrażam tylko swój subiektywny pogląd"
"10.7";565;0,05;0,2;"n/a";15;15;20;20;"Własna analiza";"wyrażam tylko swój subiektywny pogląd"
"10.7";566;0,2;0,2;"n/a";5;10;15;20;"Niewielki aczkolwiek stały wzrost udziału";"wyrażam tylko swój subiektywny pogląd"
"10.7";567;0,2;0,2;"n/a";25;45;80;90;"Uzasadnienie jak wyżej. Ponadto, szacowanie decyzji w dużych przedsiębiorstwach jest trudniejsze ze względu na ogrom danych, więc takie firmy chętnie skorzystają z możliwości SWD.";"wyrażam tylko swój subiektywny pogląd"
"10.7";571;0,4;0,25;"n/a";;;;;"j.w.";"wyrażam tylko swój subiektywny pogląd"
"10.7";579;0,7;0,2;"n/a";10;10;15;20;"Własne analizy";"wyrażam tylko swój subiektywny pogląd"
"10.8";"Udział MŚP przedsiębiorstw (wszystkie branże) korzystających z systemów zarządzania ryzykiem (ERM) z funkcjonalnościami SWD (Polska)";;;;;;;;;
;"kod pytania:";"P";;;;;;;;
;"jednostka:";"procent";;;;;;;;
;"sposób analizy:";;;;;;;;;
;"id użytkownika";"Współczynnik kompetencji";"Współczynnik samooceny";"Stan obecny";"Stan w roku 2015";"Stan w roku 2020";"Stan w roku 2025";"Dalszy rozwój do roku 2030";"Uwagi";"Stopień pewności"
"10.8";68;0,5;0,2;"n/a";1;2;20;98;"Następuje ciągły wzrost znaczenia SWD";"wyrażam tylko swój subiektywny pogląd"
"10.8";140;0,8;0,2;"n/a";10;20;25;40;;"wyrażam tylko swój subiektywny pogląd"
"10.8";248;0,4;0,2;"n/a";;;85;90;;"wyrażam tylko swój subiektywny pogląd"
"10.8";284;0,8;0,2;"n/a";20;25;40;60;"Systemy zarządzania ryzykiem ERM będą niezbędne w coraz większej ilości przedsiębiorstw";"wyrażam tylko swój subiektywny pogląd"
"10.8";315;0,6;0,75;"n/a";10;15;20;20;"Zalezy od ogolenej systuacji na rynkach finansowych i kryzysow politycznych";"wyrażam tylko swój subiektywny pogląd"
"10.8";344;1;0,5;"n/a";20;20;25;30;;"wyrażam tylko swój subiektywny pogląd"
"10.8";347;0,5;0,2;"n/a";1;10;35;60;"""MŚP przedsiębiorstwa zaczną coraz powszechniej korzystać z systemów ERM z funkcjonalnościami SWD, jednak nie aż tak powszechnie jak duże przedsiębiorstwa ze względu na wysokie koszty takich systemów.""";"z dużym prawdopodobieństwem"
"10.8";353;0,5;0,2;"n/a";20;40;50;60;;"wyrażam tylko swój subiektywny pogląd"
"10.8";354;0,5;0,2;"n/a";2;3;5;10;"z powodów niskiego poziomu finansowania działu nowoczesnych technologi niż w dużej części zagranicznych firm stosowane są tylko podstawowe oprogramowania do zarządzania i ryzyko jest minimalizowane bez specjalnego oprogramowania";"wyrażam tylko swój subiektywny pogląd"
"10.8";361;0,6;0,2;"n/a";10;20;25;40;;"wyrażam tylko swój subiektywny pogląd"
"10.8";363;0,5;0,2;"n/a";1;5;10;15;;"wyrażam tylko swój subiektywny pogląd"
"10.8";364;0,6;0,2;"n/a";5;20;30;55;"oszacowanie własne na podstawie ogólnej wiedzy";"wyrażam tylko swój subiektywny pogląd"
"10.8";367;0,7;0,2;"n/a";15;10;15;10;"opinia własna";"wyrażam tylko swój subiektywny pogląd"
"10.8";398;0,1;0,2;"n/a";25;30;30;45;;"wyrażam tylko swój subiektywny pogląd"
"10.8";407;0,5;0,2;"n/a";;;;;"Powtórzone pytanie 10.5.";"wyrażam tylko swój subiektywny pogląd"
"10.8";413;0,5;0,2;"n/a";20;25;30;40;"Raczej Polska nie odbiega od tendencji światowych w tym temacie.";"wyrażam tylko swój subiektywny pogląd"
"10.8";415;0,5;0,2;"n/a";3;30;65;80;"Powtórzenie pytania 10.6";"wyrażam tylko swój subiektywny pogląd"
"10.8";416;0,9;0,2;"n/a";10;15;20;25;"Powtórzone stwierdzenie 10.6.";"wyrażam tylko swój subiektywny pogląd"
"10.8";417;0,01;0,2;"n/a";60;75;75;80;;"wyrażam tylko swój subiektywny pogląd"
"10.8";418;0,5;0,2;"n/a";35;40;45;50;"W przypadku MŚP w Polsce sytuacja będzie wyglądała podobnie jak z przedsiębiorstwami dużymi: w Polsce ok. 5% MŚP mniej będzie korzystało z omawianych systemów niż ma to miejsce w krajach OECD.";"wyrażam tylko swój subiektywny pogląd"
"10.8";421;0,5;0,2;"n/a";20;30;40;50;"Analogicznie jak dla dużych przedsiębiorstw trend dla Polski będzie miał podobną dynamikę jak dla krajów OECD z zachowaniem odpowiedniego opóźnienia.";"wyrażam tylko swój subiektywny pogląd"
"10.8";423;0,6;0,2;"n/a";5;10;10;15;"Prognozuję, że polskie MŚP odbiegną od trendu OECD w kwestii rozwoju tej technologii.";"wyrażam tylko swój subiektywny pogląd"
"10.8";452;0,5;0,2;"n/a";45;55;70;85;"Adaptacja rozwiązań przez MŚP obecnie jest na niższym poziomie niż wśród wielkich przedsiębiorców, jednak zakłada się, że wzrost będzie znaczny ze względy na rosnące zaufanie wobec SWD i funkcje, które zapewnia.";"wyrażam tylko swój subiektywny pogląd"
"10.8";462;0,5;0,4;"n/a";3;5;10;20;"W Polsce małe przedsiębiorstwa mają ograniczone możliwości inwestycji, dlatego udział systemów ERM będzie niższy niż na świecie, ale będzie wzrastał.";"wyrażam tylko swój subiektywny pogląd"
"10.8";465;0,5;0,2;"n/a";5;10;15;20;"Małe i średnie przedsiębiorstwa ciągle stosują tradycyjne metody, jak sądzę nie doceniają nowoczesnych systemów wspomagania. Być może rozpowszechnienie SWD w tym sektorze wiąże się też z kosztami wprowadzenia takich systemów.";"wyrażam tylko swój subiektywny pogląd"
"10.8";494;0,8;0,5;"n/a";2;3;4;5;;"wyrażam tylko swój subiektywny pogląd"
"10.8";506;0,7;0,2;"n/a";0;0;10;25;"Analogicznie jak wyżej, z pewnym opóźnieniem";"z dużym prawdopodobieństwem"
"10.8";512;0,5;0,2;"n/a";10;20;30;40;"Mniejsze przedsiębiorstwa będą naturalnie wolniej implementować rozwiązania z pkt. 10.5 ze względu na mniejsze zasoby finansowe.";"wyrażam tylko swój subiektywny pogląd"
"10.8";513;0,5;0,2;"n/a";2;10;25;40;"Początkowo udział ten będzie niewielki jednak ulepszenie tych systemów spowoduje większy udział.";"wyrażam tylko swój subiektywny pogląd"
"10.8";514;0,5;0,2;"n/a";10;20;25;30;"Biorąc pod uwagę wszystkie branże, udział przedsiębiorstw używających systemów zarządzania ryzykiem nie jest tak imponujący jak w dużych firmach (ze względu na bardzo duże koszty, które nie są w stanie zamortyzować prawdopodobnych unikniętych złych decyzji w mniejszych firmach). Wraz z upływem czasu ilość firm korzystających z tego typu systemów (ze względu na konkurencję) zwiększy się";"z dużym prawdopodobieństwem"
"10.8";520;0,5;0,2;"n/a";2;4;10;20;;"wyrażam tylko swój subiektywny pogląd"
"10.8";523;0,4;0,75;"n/a";3;3;4;4;"computerworld";"wyrażam tylko swój subiektywny pogląd"
"10.8";524;0,2;0,2;"n/a";10;10;10;10;"Opinia własna";"wyrażam tylko swój subiektywny pogląd"
"10.8";547;0,1;0,2;"n/a";20;25;40;60;"Bazując na danych z agencji PR Newswire isnieje duża rozbieżność pomiędzy ilością przedsiębiorstw deklarujących użycie erm a tymi, które faktycznie dokonały jego implementacji";"wyrażam tylko swój subiektywny pogląd"
"10.8";548;0,1;0,2;"n/a";15;20;25;30;"Informatyzacja małych przedsiębiorstw w Polsce jest stosunkowo niewielka, a specjalistyczne systemy prawdopodobnie będą zbyt drogie.";"jestem raczej pewnien (pewna)"
"10.8";549;0,1;0,75;"n/a";45;50;55;60;"W mniejszych i średnich przedsiębiorstwach nie ma tak dużej potrzeby stosowania SWD, jednak ze względu na malejące koszty podstawowych zastosowań SWD i postępu na tym polu, MŚP będą chcieli wprowadzać te rozwiązania.";"wyrażam tylko swój subiektywny pogląd"
"10.8";550;0,1;0,2;"n/a";1;2;20;98;"Ciągły wzrost znaczenia SWD.";"z dużym prawdopodobieństwem"
"10.8";551;0,1;0,2;"n/a";1;5;20;30;"Rozwiązanie zbyt drogie dla MŚP";"wyrażam tylko swój subiektywny pogląd"
"10.8";552;0,1;0,2;"n/a";1;2;5;10;"Będzie wzrost podobnie jak na swiecie, jednak nie tak duzy.";"wyrażam tylko swój subiektywny pogląd"
"10.8";554;0,1;0,2;"n/a";45;55;70;85;"Adaptacja rozwiazan przez MŚP obecnie jest na niższym poziomie niż wśród wielkich przedsiebiorcow, jednak zakłada się, ze wzrost będzie znaczny ze względu na rosnące zaufanie wobec SWD i funkcje, które zapewnia.";"z dużym prawdopodobieństwem"
"10.8";556;0,05;0,2;"n/a";20;40;50;60;"Małych i średnich przedsiębiorstw może nie stać na odpowiednie SWD.";"wyrażam tylko swój subiektywny pogląd"
"10.8";558;0,1;0,2;"n/a";1;5;20;35;"Ciągły wzrost znaczenia SWD.";"nie jestem pewien,ale chciałbym by tak było"
"10.8";564;0,1;0,2;"n/a";15;25;25;30;"Informatyzacja małych przedsiębiorstw w Polsce jest stosunkowo niewielka a specjalistyczne systemy będą prawdopodobnie zbyt drogie.";"wyrażam tylko swój subiektywny pogląd"
"10.8";565;0,05;0,2;"n/a";20;25;30;40;"Własna analiza";"wyrażam tylko swój subiektywny pogląd"
"10.8";566;0,2;0,2;"n/a";5;10;10;15;"Niewielki aczkolwiek stały wzrost udziału";"wyrażam tylko swój subiektywny pogląd"
"10.8";567;0,2;0,2;"n/a";20;40;50;60;"Uzasadnienie jak wyżej. Małych i średnich przedsiębiorstw może nie stać na odpowiednie SWD.";"wyrażam tylko swój subiektywny pogląd"
"10.8";571;0,4;0,25;"n/a";;;;;"j.w.";"wyrażam tylko swój subiektywny pogląd"
"10.8";579;0,7;0,2;"n/a";10;10;15;20;"Własne analizy";"wyrażam tylko swój subiektywny pogląd"
"10.9";"Łączne przychody producentów finansowych SWD w cenach stałych, zmiana w % w stosunku do 2012 (świat)";;;;;;;;;
;"kod pytania:";"P1";;;;;;;;
;"jednostka:";"procent";;;;;;;;
;"sposób analizy:";;;;;;;;;
;"id użytkownika";"Współczynnik kompetencji";"Współczynnik samooceny";"Stan obecny";"Stan w roku 2015";"Stan w roku 2020";"Stan w roku 2025";"Dalszy rozwój do roku 2030";"Uwagi";"Stopień pewności"
"10.9";68;0,5;0,2;"n/a";120;180;210;350;"Przychody z SWD wzrosną kilkukrotnie w ciągu najbliższych dekad Uwaga techniczna: ten sam problem i rozwiązanie, co w 1.3";"wyrażam tylko swój subiektywny pogląd"
"10.9";140;0,8;0,2;"n/a";120;130;135;155;;"wyrażam tylko swój subiektywny pogląd"
"10.9";284;0,8;0,2;"n/a";130;200;500;800;"Przychody producentów będą rosły wraz z zapotrzebowaniem na tego typu systemy";"nie jestem pewien,ale chciałbym by tak było"
"10.9";315;0,6;0,75;"n/a";115;125;135;150;"Zalezy od ogolenej systuacji na rynkach finansowych i kryzysow politycznych";"wyrażam tylko swój subiektywny pogląd"
"10.9";347;0,5;0,2;"n/a";105;120;175;200;"""Przychody producentów finansowych SWD zaczną dynamicznie wzrastać po roku 2020.""";"z dużym prawdopodobieństwem"
"10.9";353;0,5;0,2;"n/a";145;155;160;165;;"wyrażam tylko swój subiektywny pogląd"
"10.9";354;0,5;0,2;"n/a";150;200;250;300;"chciało by się ponad 100% dać czasem";"wyrażam tylko swój subiektywny pogląd"
"10.9";361;0,6;0,2;"n/a";110;120;125;125;;"wyrażam tylko swój subiektywny pogląd"
"10.9";363;0,5;0,2;"n/a";105;120;140;180;;"wyrażam tylko swój subiektywny pogląd"
"10.9";364;0,6;0,2;"n/a";105;120;135;165;"oszacowanie własne na podstawie ogólnej wiedzy";"wyrażam tylko swój subiektywny pogląd"
"10.9";367;0,7;0,2;"n/a";105;100;100;110;"opinia własna";"wyrażam tylko swój subiektywny pogląd"
"10.9";398;0,1;0,2;"n/a";125;130;130;145;;"wyrażam tylko swój subiektywny pogląd"
"10.9";407;0,5;0,2;"n/a";135;140;150;170;"Wraz z coraz większym wykorzystaniem systemów ERM w MŚP będą systematycznie wzrastały przychody producentów. Firm małych i średnich jest znacznie więcej niż dużych, zatem nawet niewielki procentowy wzrost liczby odbiorców w tym sektorze przełoży się na znaczny wzrost przychodów.";"wyrażam tylko swój subiektywny pogląd"
"10.9";413;0,5;0,2;"n/a";120;125;130;130;"Sądzę, że może nastąpić delikatny wzrost.";"wyrażam tylko swój subiektywny pogląd"
"10.9";415;0,5;0,2;"n/a";120;120;140;155;"Po udowodnieniu skuteczności tych systemów zaczną przynosić większe zyski finansowe wytwórcom";"wyrażam tylko swój subiektywny pogląd"
"10.9";416;0,9;0,2;"n/a";110;120;130;140;"Jak wspomniałem w powyższych stwierdzeniach, rynek ten nie będzie się rozszerzał (liczba użytkowników nie będzie się znacząco zwiększała), ale będzie następował wzrost złożoności systemów i pewności przewidywań, co będzie zwiększało wartość systemów i przychody ich producentów.";"wyrażam tylko swój subiektywny pogląd"
"10.9";417;0,01;0,2;"n/a";105;110;110;110;;"wyrażam tylko swój subiektywny pogląd"
"10.9";418;0,5;0,2;"n/a";99;97;95;90;"W związku z upowszechnieniem tych systemów i większą konkurencją na rynku, przychód z tych systemów będzie spadał.";"wyrażam tylko swój subiektywny pogląd"
"10.9";421;0,5;0,2;"n/a";103;105;110;115;"Przypuszczalnie w tym obszarze ilość nowych użytkowników nie jest tak istotne, jak złożoność systemów. Przypuszczalnie ilość użytkowników będzie utrzymywać się na jednym poziomie, a wzajemna rywalizacja pomiędzy producentami, będzie się odbywać głównie w zakresie skuteczności działania.";"wyrażam tylko swój subiektywny pogląd"
"10.9";423;0,6;0,2;"n/a";105;115;140;150;"Podejrzewam, że będzie można zaobserwować wyraźny wzrost zainteresowania takimi technologiami.";"wyrażam tylko swój subiektywny pogląd"
"10.9";452;0,5;0,2;"n/a";115;145;175;195;"Wzrost 5-10% rocznie lekko zwalnijący";"wyrażam tylko swój subiektywny pogląd"
"10.9";462;0,5;0,4;"n/a";105;120;135;145;"W segmencie rynków finansowych systemy SWD będą pełnić jedną z najważniejszych ról, co wpłynie znacznie na podniesienie przychodów producentów tych systemów.";"wyrażam tylko swój subiektywny pogląd"
"10.9";465;0,5;0,2;"n/a";110;120;145;160;"Przypuszczam, że będzie następował rozwój ale niezbyt intensywny.";"wyrażam tylko swój subiektywny pogląd"
"10.9";494;0,8;0,5;"n/a";110;115;125;135;;"wyrażam tylko swój subiektywny pogląd"
"10.9";506;0,7;0,2;"n/a";145;160;190;200;"Dynamiczny rozwój, zainteresowanie sektora bankowego";"z dużym prawdopodobieństwem"
"10.9";512;0,5;0,2;"n/a";115;120;140;180;"Producenci finansowi SWD szybko odnotują gwałtowny wzrost przychodów spowodowany zwiększonym zainteresowaniem ich rozwiązaniami";"jestem raczej pewnien (pewna)"
"10.9";513;0,5;0,2;"n/a";102;110;125;140;"Początkowo udział ten będzie niewielki jednak ulepszenie tych systemów spowoduje większy udział.";"wyrażam tylko swój subiektywny pogląd"
"10.9";514;0,5;0,2;"n/a";130;140;150;175;"Przychód producentów finansowych SWD będzie stale rósł ze względu na duże zapotrzebowanie na tego typu usługi. Początkowo dochód nie będzie wysoki (ze względu na ponoszone koszty) jednak z czasem inwestycja w tworzenie tego typu rozwiązań powinna się znacząco odwrócić.";"z dużym prawdopodobieństwem"
"10.9";520;0,5;0,2;"n/a";110;115;125;140;;"wyrażam tylko swój subiektywny pogląd"
"10.9";523;0,4;0,75;"n/a";103;104;104;110;"computerworld";"wyrażam tylko swój subiektywny pogląd"
"10.9";524;0,2;0,2;"n/a";110;110;110;110;"Opinia własna";"wyrażam tylko swój subiektywny pogląd"
"10.9";547;0,1;0,2;"n/a";130;200;600;900;"Wraz z wzrostem zapotrzebowania na tt. systemy z pewnością zauważyć będzie można znaczny wzrost dochodów producentów tych rozwiązań";"jestem raczej pewnien (pewna)"
"10.9";548;0,1;0,2;"n/a";125;140;160;170;;"wyrażam tylko swój subiektywny pogląd"
"10.9";549;0,1;0,75;"n/a";120;140;240;300;"-";"wyrażam tylko swój subiektywny pogląd"
"10.9";550;0,1;0,2;"n/a";118;250;450;1600;"Przychody wzrosną kilkunastokrotnie w ciągu najbliższych dekad.";"z dużym prawdopodobieństwem"
"10.9";551;0,1;0,2;"n/a";120;200;450;600;"Dynamiczny wzrost";"wyrażam tylko swój subiektywny pogląd"
"10.9";552;0,1;0,2;"n/a";101;102;105;108;"Będzie wzrost podobnie jak na swiecie, jednak nie tak duzy.";"wyrażam tylko swój subiektywny pogląd"
"10.9";554;0,1;0,2;"n/a";125;178;250;350;"Wzrost 5-10% rocznie, lekko zwalniajacy.";"z dużym prawdopodobieństwem"
"10.9";556;0,05;0,2;"n/a";20;40;60;80;"Dochody wzrosną wraz z popularnością i jakością tego typu produktów. Głównie zarobią na dużych przedsiębiorstwach, które będą potrzebować szczególnie eksperckich, skomplikowanych, a zatem droższych systemów.";"wyrażam tylko swój subiektywny pogląd"
"10.9";558;0,1;0,2;"n/a";118;150;180;250;"Przychody z SWD wzrosną kilkukrotnie w ciągu najbliższych dekad";"wyrażam tylko swój subiektywny pogląd"
"10.9";564;0,1;0,2;"n/a";25;40;60;70;"Mimo zwiększonego popytu, z pewnością zwiększy się również podaż takiego oprogramowania na rynku. Jednak producenci powinni znacznie zwiększyć swoje przychody.";"jestem raczej pewnien (pewna)"
"10.9";565;0,05;0,2;"n/a";120;140;160;180;"Własna analiza";"wyrażam tylko swój subiektywny pogląd"
"10.9";566;0,2;0,2;"n/a";140;180;210;250;"Rozwój systemu zwiększy przychód";"wyrażam tylko swój subiektywny pogląd"
"10.9";567;0,2;0,2;"n/a";120;140;160;180;"Dochody wzrosną wraz z popularnością i jakością tego typu produktów. Głównie zarobią na dużych przedsiębiorstwach, które będą potrzebować szczególnie eksperckich, skomplikowanych, a zatem droższych systemów.";"wyrażam tylko swój subiektywny pogląd"
"10.9";571;0,4;0,25;"n/a";;;;;"j.w.";"wyrażam tylko swój subiektywny pogląd"
"10.9";579;0,7;0,2;"n/a";110;125;140;160;"Własne analizy";"wyrażam tylko swój subiektywny pogląd"
"10.10";"Nowe funkcjonalności i zastosowania SWD w finansach";;;;;;;;;
;"kod pytania:";"T";;;;;;;;
;"jednostka:";;;;;;;;;
;"sposób analizy:";;;;;;;;;